vehicle id;make;model;year;tank_capacity;initial_odometer;archive;fill up id;vehicle_id;date;mileage;fuel_added;cost;is_partial_fill_up;comment;tags
4;Kia;Soul 4U;2010;48;500;1;424;4;2010-02-19 00:00:00;524.7;43.302;42.7;0;;
4;Kia;Soul 4U;2010;48;500;1;425;4;2010-02-28 00:00:00;219.4;41.377;42.54;0;;
4;Kia;Soul 4U;2010;48;500;1;426;4;2010-03-05 00:00:00;475.5;36.802;37.39;0;;
4;Kia;Soul 4U;2010;48;500;1;427;4;2010-03-11 00:00:00;443.9;34.232;35.81;0;;
4;Kia;Soul 4U;2010;48;500;1;428;4;2010-03-19 00:00:00;472.5;37.937;38.92;0;;
4;Kia;Soul 4U;2010;48;500;1;429;4;2010-03-24 00:00:00;510.2;41.907;42.45;0;;
4;Kia;Soul 4U;2010;48;500;1;430;4;2010-03-30 00:00:00;520.7;43.547;43.68;0;;
4;Kia;Soul 4U;2010;48;500;1;431;4;2010-04-08 00:00:00;519.8;41.247;41.91;0;;
4;Kia;Soul 4U;2010;48;500;1;432;4;2010-04-13 00:00:00;462.5;37.507;38.11;0;;
4;Kia;Soul 4U;2010;48;500;1;433;4;2010-04-19 00:00:00;525.3;43.1;42.8;0;;
4;Kia;Soul 4U;2010;48;500;1;434;4;2010-04-26 00:00:00;521.6;42.027;41.73;0;;
4;Kia;Soul 4U;2010;48;500;1;435;4;2010-05-04 00:00:00;532.5;40.897;41.55;0;;
4;Kia;Soul 4U;2010;48;500;1;436;4;2010-05-11 00:00:00;525.8;42.262;44.21;0;;
4;Kia;Soul 4U;2010;48;500;1;437;4;2010-05-16 00:00:00;530.4;41.777;42.32;0;;
4;Kia;Soul 4U;2010;48;500;1;438;4;2010-05-20 00:00:00;402.3;29.652;29.15;0;;
4;Kia;Soul 4U;2010;48;500;1;439;4;2010-05-28 00:00:00;504.2;40.137;38.37;0;;
4;Kia;Soul 4U;2010;48;500;1;440;4;2010-06-03 00:00:00;481.9;27.55;25.98;0;;
4;Kia;Soul 4U;2010;48;500;1;441;4;2010-06-08 00:00:00;420.3;42.26;39.43;0;;
4;Kia;Soul 4U;2010;48;500;1;442;4;2010-06-15 00:00:00;511.9;39.353;38.01;0;;
4;Kia;Soul 4U;2010;48;500;1;443;4;2010-06-22 00:00:00;521.9;40.93;39.95;0;;
4;Kia;Soul 4U;2010;48;500;1;444;4;2010-06-29 00:00:00;521.6;40.703;40.83;0;;
4;Kia;Soul 4U;2010;48;500;1;445;4;2010-07-07 00:00:00;509.2;41.035;43.74;0;;
4;Kia;Soul 4U;2010;48;500;1;446;4;2010-07-13 00:00:00;484.2;38.697;40.52;0;;
4;Kia;Soul 4U;2010;48;500;1;447;4;2010-07-19 00:00:00;452.3;35.952;37.07;0;;
4;Kia;Soul 4U;2010;48;500;1;448;4;2010-07-24 00:00:00;535.3;41.802;44.98;0;;
4;Kia;Soul 4U;2010;48;500;1;449;4;2010-07-29 00:00:00;509.7;18.78;20.0;0;;
4;Kia;Soul 4U;2010;48;500;1;450;4;2010-08-02 00:00:00;247.3;40.688;40.0;0;;
4;Kia;Soul 4U;2010;48;500;1;451;4;2010-08-04 00:00:00;394.9;34.175;35.85;0;;
4;Kia;Soul 4U;2010;48;500;1;452;4;2010-08-10 00:00:00;515.7;41.572;44.44;0;;
4;Kia;Soul 4U;2010;48;500;1;453;4;2010-08-17 00:00:00;521.6;38.485;40.14;0;;
4;Kia;Soul 4U;2010;48;500;1;454;4;2010-08-22 00:00:00;444.5;36.007;36.94;0;;
4;Kia;Soul 4U;2010;48;500;1;455;4;2010-08-25 00:00:00;382.5;29.35;29.82;0;;
4;Kia;Soul 4U;2010;48;500;1;456;4;2010-08-31 00:00:00;439.9;34.742;34.26;0;;
4;Kia;Soul 4U;2010;48;500;1;457;4;2010-09-04 00:00:00;515.4;18.942;20.0;0;;
4;Kia;Soul 4U;2010;48;500;1;458;4;2010-09-09 00:00:00;217.6;19.122;20.0;0;;
4;Kia;Soul 4U;2010;48;500;1;459;4;2010-09-13 00:00:00;267.4;29.24;30.0;0;;
4;Kia;Soul 4U;2010;48;500;1;460;4;2010-09-15 00:00:00;255.2;32.485;33.0;0;;
4;Kia;Soul 4U;2010;48;500;1;461;4;2010-09-21 00:00:00;539.9;41.53;41.57;0;;
4;Kia;Soul 4U;2010;48;500;1;462;4;2010-09-27 00:00:00;442.7;40.217;39.94;0;;
4;Kia;Soul 4U;2010;48;500;1;463;4;2010-10-01 00:00:00;427.2;32.757;31.87;0;;
4;Kia;Soul 4U;2010;48;500;1;464;4;2010-10-06 00:00:00;510.2;36.947;40.01;0;;
4;Kia;Soul 4U;2010;48;500;1;465;4;2010-10-09 00:00:00;393.6;32.84;35.43;0;;
4;Kia;Soul 4U;2010;48;500;1;466;4;2010-10-15 00:00:00;470.6;41.592;44.09;0;;
4;Kia;Soul 4U;2010;48;500;1;467;4;2010-10-27 00:00:00;528.0;43.165;44.11;0;;
4;Kia;Soul 4U;2010;48;500;1;468;4;2010-11-02 00:00:00;523.1;43.147;43.23;0;;
4;Kia;Soul 4U;2010;48;500;1;469;4;2010-11-09 00:00:00;497.0;42.175;42.05;0;;
4;Kia;Soul 4U;2010;48;500;1;470;4;2010-11-17 00:00:00;498.5;40.382;44.38;0;;
4;Kia;Soul 4U;2010;48;500;1;471;4;2010-11-22 00:00:00;499.9;41.604;45.68;0;;
4;Kia;Soul 4U;2010;48;500;1;472;4;2010-11-29 00:00:00;457.7;36.282;39.26;0;;
4;Kia;Soul 4U;2010;48;500;1;473;4;2010-12-08 00:00:00;500.0;41.495;46.06;0;;
4;Kia;Soul 4U;2010;48;500;1;474;4;2010-12-14 00:00:00;379.9;34.15;37.63;0;;
4;Kia;Soul 4U;2010;48;500;1;475;4;2010-12-19 00:00:00;486.5;40.477;45.29;0;;
4;Kia;Soul 4U;2010;48;500;1;476;4;2010-12-24 00:00:00;459.3;25.512;30.0;0;;
4;Kia;Soul 4U;2010;48;500;1;477;4;2011-01-04 00:00:00;269.0;26.112;30.0;0;;
4;Kia;Soul 4U;2010;48;500;1;478;4;2011-01-07 00:00:00;317.2;26.112;30.0;0;;
4;Kia;Soul 4U;2010;48;500;1;479;4;2011-01-11 00:00:00;339.9;35.117;40.0;0;;
4;Kia;Soul 4U;2010;48;500;1;480;4;2011-01-17 00:00:00;439.3;38.265;45.0;0;;
4;Kia;Soul 4U;2010;48;500;1;481;4;2011-01-21 00:00:00;436.6;34.582;40.01;0;;
4;Kia;Soul 4U;2010;48;500;1;482;4;2011-01-26 00:00:00;342.5;35.437;41.0;0;;
4;Kia;Soul 4U;2010;48;500;1;483;4;2011-02-01 00:00:00;449.4;35.125;40.01;0;;
4;Kia;Soul 4U;2010;48;500;1;484;4;2011-02-04 00:00:00;426.0;34.187;40.0;0;;
4;Kia;Soul 4U;2010;48;500;1;485;4;2011-02-10 00:00:00;358.0;34.187;40.0;0;;
4;Kia;Soul 4U;2010;48;500;1;486;4;2011-02-12 00:00:00;238.4;21.28;24.9;0;;
4;Kia;Soul 4U;2010;48;500;1;487;4;2011-02-15 00:00:00;394.1;36.94;43.22;0;;
4;Kia;Soul 4U;2010;48;500;1;488;4;2011-02-22 00:00:00;465.0;38.36;44.0;0;;
4;Kia;Soul 4U;2010;48;500;1;489;4;2011-02-28 00:00:00;437.8;31.607;40.01;0;;
4;Kia;Soul 4U;2010;48;500;1;490;4;2011-03-04 00:00:00;433.1;36.112;45.0;0;;
4;Kia;Soul 4U;2010;48;500;1;491;4;2011-03-08 00:00:00;428.5;36.472;45.01;0;;
4;Kia;Soul 4U;2010;48;500;1;492;4;2011-03-13 00:00:00;356.1;35.775;45.0;0;;
4;Kia;Soul 4U;2010;48;500;1;493;4;2011-03-18 00:00:00;533.5;35.775;45.0;0;;
4;Kia;Soul 4U;2010;48;500;1;494;4;2011-03-24 00:00:00;437.3;37.277;46.0;0;;
4;Kia;Soul 4U;2010;48;500;1;495;4;2011-03-29 00:00:00;449.6;38.827;47.25;0;;
4;Kia;Soul 4U;2010;48;500;1;496;4;2011-04-03 00:00:00;498.6;15.76;20.0;0;;
4;Kia;Soul 4U;2010;48;500;1;497;4;2011-04-05 00:00:00;233.3;18.997;25.0;0;;
4;Kia;Soul 4U;2010;48;500;1;498;4;2011-04-08 00:00:00;223.1;22.95;30.0;0;;
4;Kia;Soul 4U;2010;48;500;1;499;4;2011-04-12 00:00:00;270.8;26.786;35.01;0;;
4;Kia;Soul 4U;2010;48;500;1;500;4;2011-04-16 00:00:00;362.5;22.622;30.0;0;;
4;Kia;Soul 4U;2010;48;500;1;501;4;2011-04-21 00:00:00;217.9;30.845;40.01;0;;
4;Kia;Soul 4U;2010;48;500;1;502;4;2011-04-28 00:00:00;424.9;29.477;40.0;0;;
4;Kia;Soul 4U;2010;48;500;1;503;4;2011-05-03 00:00:00;366.9;30.802;41.0;0;;
4;Kia;Soul 4U;2010;48;500;1;504;4;2011-05-09 00:00:00;361.6;27.825;36.01;0;;
4;Kia;Soul 4U;2010;48;500;1;505;4;2011-05-12 00:00:00;355.9;18.121;26.0;0;;
4;Kia;Soul 4U;2010;48;500;1;506;4;2011-05-16 00:00:00;245.5;19.515;27.01;0;;
4;Kia;Soul 4U;2010;48;500;1;507;4;2011-05-19 00:00:00;214.3;25.625;35.0;0;;
4;Kia;Soul 4U;2010;48;500;1;508;4;2011-05-25 00:00:00;304.2;15.34;20.0;0;;
4;Kia;Soul 4U;2010;48;500;1;509;4;2011-05-27 00:00:00;221.0;19.425;25.0;0;;
4;Kia;Soul 4U;2010;48;500;1;510;4;2011-06-01 00:00:00;215.0;19.78;25.0;0;;
4;Kia;Soul 4U;2010;48;500;1;511;4;2011-06-04 00:00:00;314.1;15.695;20.0;0;;
4;Kia;Soul 4U;2010;48;500;1;512;4;2011-06-07 00:00:00;218.6;27.622;35.0;0;;
4;Kia;Soul 4U;2010;48;500;1;513;4;2011-06-14 00:00:00;319.1;32.335;40.0;0;;
4;Kia;Soul 4U;2010;48;500;1;514;4;2011-06-18 00:00:00;448.6;32.892;40.03;0;;
4;Kia;Soul 4U;2010;48;500;1;515;4;2011-06-18 00:00:00;431.1;22.787;30.06;0;;
4;Kia;Soul 4U;2010;48;500;1;516;4;2011-06-24 00:00:00;434.3;31.832;40.01;0;;
4;Kia;Soul 4U;2010;48;500;1;517;4;2011-07-06 00:00:00;283.4;31.83;40.01;0;;
4;Kia;Soul 4U;2010;48;500;1;518;4;2011-07-12 00:00:00;441.9;14.797;20.01;0;;
4;Kia;Soul 4U;2010;48;500;1;519;4;2011-07-13 00:00:00;160.1;18.466;25.02;0;;
4;Kia;Soul 4U;2010;48;500;1;520;4;2011-07-16 00:00:00;256.1;23.31;30.0;0;;
4;Kia;Soul 4U;2010;48;500;1;521;4;2011-07-21 00:00:00;321.0;27.212;35.02;0;;
4;Kia;Soul 4U;2010;48;500;1;522;4;2011-07-26 00:00:00;365.3;18.531;25.0;0;;
4;Kia;Soul 4U;2010;48;500;1;523;4;2011-07-28 00:00:00;228.6;14.859;20.0;0;;
4;Kia;Soul 4U;2010;48;500;1;524;4;2011-08-01 00:00:00;218.5;15.067;20.01;0;;
4;Kia;Soul 4U;2010;48;500;1;525;4;2011-08-03 00:00:00;154.5;20.045;26.0;0;;
4;Kia;Soul 4U;2010;48;500;1;526;4;2011-08-06 00:00:00;314.2;27.407;35.0;0;;
4;Kia;Soul 4U;2010;48;500;1;527;4;2011-08-10 00:00:00;218.7;31.092;39.02;0;;
4;Kia;Soul 4U;2010;48;500;1;528;4;2011-08-15 00:00:00;508.8;28.307;35.02;0;;
4;Kia;Soul 4U;2010;48;500;1;529;4;2011-08-18 00:00:00;322.0;24.265;30.02;0;;
4;Kia;Soul 4U;2010;48;500;1;530;4;2011-08-23 00:00:00;336.6;29.687;36.01;0;;
4;Kia;Soul 4U;2010;48;500;1;531;4;2011-08-26 00:00:00;396.4;40.235;52.14;0;;
4;Kia;Soul 4U;2010;48;500;1;532;4;2011-08-28 00:00:00;458.8;35.0;40.0;0;;
4;Kia;Soul 4U;2010;48;500;1;533;4;2011-08-31 00:00:00;406.4;27.72;35.01;0;;
4;Kia;Soul 4U;2010;48;500;1;534;4;2011-09-08 00:00:00;350.4;19.325;26.01;0;;
4;Kia;Soul 4U;2010;48;500;1;535;4;2011-09-10 00:00:00;203.6;22.95;30.0;0;;
4;Kia;Soul 4U;2010;48;500;1;536;4;2011-09-14 00:00:00;336.4;31.32;40.0;0;;
4;Kia;Soul 4U;2010;48;500;1;537;4;2011-09-20 00:00:00;446.5;31.822;40.0;0;;
4;Kia;Soul 4U;2010;48;500;1;538;4;2011-09-24 00:00:00;406.2;32.335;40.0;0;;
4;Kia;Soul 4U;2010;48;500;1;539;4;2011-09-28 00:00:00;324.2;33.135;39.0;0;;
4;Kia;Soul 4U;2010;48;500;1;540;4;2011-10-06 00:00:00;540.7;37.45;47.0;0;;
4;Kia;Soul 4U;2010;48;500;1;541;4;2011-10-13 00:00:00;397.1;28.352;35.01;0;;
4;Kia;Soul 4U;2010;48;500;1;542;4;2011-10-17 00:00:00;393.0;28.345;35.01;0;;
4;Kia;Soul 4U;2010;48;500;1;543;4;2011-10-21 00:00:00;320.2;28.345;35.01;0;;
4;Kia;Soul 4U;2010;48;500;1;544;4;2011-10-30 00:00:00;334.9;33.688;41.0;0;;
4;Kia;Soul 4U;2010;48;500;1;545;4;2011-11-04 00:00:00;452.0;41.4;49.56;0;;
4;Kia;Soul 4U;2010;48;500;1;546;4;2011-11-11 00:00:00;481.3;27.625;35.0;0;;
4;Kia;Soul 4U;2010;48;500;1;547;4;2011-11-15 00:00:00;335.4;27.637;35.02;0;;
4;Kia;Soul 4U;2010;48;500;1;548;4;2011-11-18 00:00:00;345.6;28.81;36.5;0;;
4;Kia;Soul 4U;2010;48;500;1;549;4;2011-11-21 00:00:00;347.2;29.007;35.01;0;;
4;Kia;Soul 4U;2010;48;500;1;550;4;2011-11-25 00:00:00;339.5;29.242;35.0;0;;
4;Kia;Soul 4U;2010;48;500;1;551;4;2011-11-30 00:00:00;405.6;33.417;40.0;0;;
4;Kia;Soul 4U;2010;48;500;1;552;4;2011-12-02 00:00:00;410.4;29.248;35.01;0;;
4;Kia;Soul 4U;2010;48;500;1;553;4;2011-12-06 00:00:00;390.7;33.415;40.0;0;;
4;Kia;Soul 4U;2010;48;500;1;554;4;2011-12-11 00:00:00;324.7;29.747;35.01;0;;
4;Kia;Soul 4U;2010;48;500;1;555;4;2011-12-15 00:00:00;414.0;33.992;40.01;0;;
4;Kia;Soul 4U;2010;48;500;1;556;4;2011-12-20 00:00:00;420.2;8.395;10.02;0;;
4;Kia;Soul 4U;2010;48;500;1;557;4;2011-12-21 00:00:00;61.6;38.362;44.0;0;;
4;Kia;Soul 4U;2010;48;500;1;558;4;2011-12-30 00:00:00;516.6;38.232;45.0;0;;
4;Kia;Soul 4U;2010;48;500;1;559;4;2012-01-09 00:00:00;389.8;22.777;30.0;0;;
4;Kia;Soul 4U;2010;48;500;1;560;4;2012-01-11 00:00:00;238.8;23.5;30.01;0;;
4;Kia;Soul 4U;2010;48;500;1;561;4;2012-01-14 00:00:00;332.7;31.827;40.01;0;;
4;Kia;Soul 4U;2010;48;500;1;562;4;2012-02-22 00:00:00;410.5;15.545;20.01;0;;
4;Kia;Soul 4U;2010;48;500;1;563;4;2012-02-24 00:00:00;199.7;23.31;30.0;0;;
4;Kia;Soul 4U;2010;48;500;1;564;4;2012-02-28 00:00:00;244.1;19.892;25.0;0;;
4;Kia;Soul 4U;2010;48;500;1;565;4;2012-03-02 00:00:00;321.1;34.195;45.0;0;;
4;Kia;Soul 4U;2010;48;500;1;566;4;2012-03-07 00:00:00;360.8;38.945;50.01;0;;
4;Kia;Soul 4U;2010;48;500;1;567;4;2012-03-13 00:00:00;442.3;15.835;20.06;0;;
4;Kia;Soul 4U;2010;48;500;1;568;4;2012-03-15 00:00:00;227.2;28.42;36.01;0;;
4;Kia;Soul 4U;2010;48;500;1;569;4;2012-03-20 00:00:00;366.3;35.827;45.0;0;;
4;Kia;Soul 4U;2010;48;500;1;570;4;2012-03-26 00:00:00;424.1;32.077;40.0;0;;
4;Kia;Soul 4U;2010;48;500;1;571;4;2012-03-30 00:00:00;425.2;36.802;47.0;0;;
4;Kia;Soul 4U;2010;48;500;1;572;4;2012-04-04 00:00:00;428.0;28.592;40.0;0;;
4;Kia;Soul 4U;2010;48;500;1;573;4;2012-04-07 00:00:00;367.0;41.37;52.0;0;;
4;Kia;Soul 4U;2010;48;500;1;574;4;2012-04-10 00:00:00;301.8;29.99;40.01;0;;
4;Kia;Soul 4U;2010;48;500;1;575;4;2012-04-15 00:00:00;298.7;26.782;35.0;0;;
4;Kia;Soul 4U;2010;48;500;1;576;4;2012-04-20 00:00:00;422.1;34.965;45.0;0;;
4;Kia;Soul 4U;2010;48;500;1;577;4;2012-04-27 00:00:00;442.1;33.417;43.01;0;;
4;Kia;Soul 4U;2010;48;500;1;578;4;2012-05-01 00:00:00;381.8;34.965;45.0;0;;
4;Kia;Soul 4U;2010;48;500;1;579;4;2012-05-07 00:00:00;400.4;31.087;40.01;0;;
4;Kia;Soul 4U;2010;48;500;1;580;4;2012-05-11 00:00:00;405.8;27.97;36.0;0;;
4;Kia;Soul 4U;2010;48;500;1;581;4;2012-05-16 00:00:00;359.1;33.947;43.01;0;;
4;Kia;Soul 4U;2010;48;500;1;582;4;2012-05-22 00:00:00;447.8;31.027;39.0;0;;
4;Kia;Soul 4U;2010;48;500;1;583;4;2012-05-26 00:00:00;424.4;36.09;45.0;0;;
4;Kia;Soul 4U;2010;48;500;1;584;4;2012-05-31 00:00:00;499.4;37.49;46.0;0;;
4;Kia;Soul 4U;2010;48;500;1;585;4;2012-06-05 00:00:00;459.6;37.295;45.02;0;;
4;Kia;Soul 4U;2010;48;500;1;586;4;2012-06-11 00:00:00;436.2;33.7;40.0;0;;
4;Kia;Soul 4U;2010;48;500;1;587;4;2012-06-15 00:00:00;441.9;34.54;41.0;0;;
4;Kia;Soul 4U;2010;48;500;1;588;4;2012-06-20 00:00:00;424.9;33.79;40.01;0;;
4;Kia;Soul 4U;2010;48;500;1;589;4;2012-06-26 00:00:00;515.0;39.182;46.0;0;;
4;Kia;Soul 4U;2010;48;500;1;590;4;2012-07-03 00:00:00;462.8;34.045;40.0;0;;
4;Kia;Soul 4U;2010;48;500;1;591;4;2012-07-06 00:00:00;473.6;20.512;25.0;0;;
4;Kia;Soul 4U;2010;48;500;1;592;4;2012-07-11 00:00:00;260.0;24.055;30.0;0;;
4;Kia;Soul 4U;2010;48;500;1;593;4;2012-07-14 00:00:00;306.2;24.61;30.0;0;;
4;Kia;Soul 4U;2010;48;500;1;594;4;2012-07-19 00:00:00;336.3;23.49;30.0;0;;
4;Kia;Soul 4U;2010;48;500;1;595;4;2012-07-23 00:00:00;224.4;19.74;25.01;0;;
4;Kia;Soul 4U;2010;48;500;1;596;4;2012-07-25 00:00:00;304.6;31.647;40.0;0;;
4;Kia;Soul 4U;2010;48;500;1;597;4;2012-07-30 00:00:00;349.4;34.915;45.01;0;;
4;Kia;Soul 4U;2010;48;500;1;598;4;2012-08-04 00:00:00;291.0;19.885;25.0;0;;
4;Kia;Soul 4U;2010;48;500;1;599;4;2012-08-14 00:00:00;433.1;31.377;41.01;0;;
4;Kia;Soul 4U;2010;48;500;1;600;4;2012-08-20 00:00:00;407.5;30.845;40.01;0;;
4;Kia;Soul 4U;2010;48;500;1;601;4;2012-08-24 00:00:00;415.7;31.665;41.01;0;;
4;Kia;Soul 4U;2010;48;500;1;602;4;2012-09-05 00:00:00;316.7;31.377;41.01;0;;
4;Kia;Soul 4U;2010;48;500;1;603;4;2012-09-12 00:00:00;480.5;37.717;50.01;0;;
4;Kia;Soul 4U;2010;48;500;1;604;4;2012-09-18 00:00:00;431.8;29.927;40.01;0;;
4;Kia;Soul 4U;2010;48;500;1;605;4;2012-09-23 00:00:00;427.7;34.93;46.0;0;;
4;Kia;Soul 4U;2010;48;500;1;606;4;2012-09-28 00:00:00;471.8;41.093;54.0;0;;
4;Kia;Soul 4U;2010;48;500;1;607;4;2012-10-04 00:00:00;523.0;41.345;57.01;0;;
4;Kia;Soul 4U;2010;48;500;1;608;4;2012-10-13 00:00:00;537.1;42.635;57.0;0;;
4;Kia;Soul 4U;2010;48;500;1;609;4;2012-10-18 00:00:00;484.1;39.03;51.01;0;;
4;Kia;Soul 4U;2010;48;500;1;610;4;2012-10-24 00:00:00;540.8;41.691;52.82;0;;
4;Kia;Soul 4U;2010;48;500;1;611;4;2012-10-30 00:00:00;518.5;42.25;52.69;0;;
4;Kia;Soul 4U;2010;48;500;1;612;4;2012-11-05 00:00:00;454.9;35.46;43.51;0;;
4;Kia;Soul 4U;2010;48;500;1;613;4;2012-11-09 00:00:00;472.8;38.104;46.0;0;;
4;Kia;Soul 4U;2010;48;500;1;614;4;2012-11-15 00:00:00;449.4;34.725;44.0;0;;
4;Kia;Soul 4U;2010;48;500;1;615;4;2012-11-21 00:00:00;489.3;36.092;45.01;0;;
4;Kia;Soul 4U;2010;48;500;1;616;4;2012-11-27 00:00:00;444.5;36.977;45.0;0;;
4;Kia;Soul 4U;2010;48;500;1;617;4;2012-12-01 00:00:00;457.8;36.977;45.0;0;;
4;Kia;Soul 4U;2010;48;500;1;618;4;2012-12-07 00:00:00;466.5;37.8;46.0;0;;
4;Kia;Soul 4U;2010;48;500;1;619;4;2012-12-11 00:00:00;440.7;32.867;40.0;0;;
4;Kia;Soul 4U;2010;48;500;1;620;4;2012-12-17 00:00:00;453.4;38.627;47.01;0;;
4;Kia;Soul 4U;2010;48;500;1;621;4;2012-12-21 00:00:00;439.6;35.285;45.02;0;;
4;Kia;Soul 4U;2010;48;500;1;622;4;2013-01-04 00:00:00;415.4;36.035;45.01;0;;
4;Kia;Soul 4U;2010;48;500;1;623;4;2013-01-09 00:00:00;422.8;32.337;40.0;0;;
4;Kia;Soul 4U;2010;48;500;1;624;4;2013-01-14 00:00:00;426.4;29.66;36.01;0;;
4;Kia;Soul 4U;2010;48;500;1;625;4;2013-01-17 00:00:00;423.1;37.377;45.0;0;;
4;Kia;Soul 4U;2010;48;500;1;626;4;2013-01-22 00:00:00;387.2;32.761;40.0;0;;
4;Kia;Soul 4U;2010;48;500;1;627;4;2013-01-26 00:00:00;376.3;35.807;45.01;0;;
4;Kia;Soul 4U;2010;48;500;1;628;4;2013-01-31 00:00:00;275.5;26.564;35.01;0;;
4;Kia;Soul 4U;2010;48;500;1;629;4;2013-02-06 00:00:00;384.4;29.497;40.0;0;;
4;Kia;Soul 4U;2010;48;500;1;630;4;2013-02-11 00:00:00;360.2;32.137;41.01;0;;
4;Kia;Soul 4U;2010;48;500;1;631;4;2013-02-15 00:00:00;449.7;35.267;45.0;0;;
4;Kia;Soul 4U;2010;48;500;1;632;4;2013-02-20 00:00:00;390.6;32.705;45.0;0;;
4;Kia;Soul 4U;2010;48;500;1;633;4;2013-02-25 00:00:00;429.7;33.937;45.0;0;;
4;Kia;Soul 4U;2010;48;500;1;634;4;2013-03-01 00:00:00;367.3;34.122;45.01;0;;
4;Kia;Soul 4U;2010;48;500;1;635;4;2013-03-04 00:00:00;455.0;34.404;45.0;0;;
4;Kia;Soul 4U;2010;48;500;1;636;4;2013-03-08 00:00:00;423.4;35.075;45.0;0;;
4;Kia;Soul 4U;2010;48;500;1;637;4;2013-03-16 00:00:00;420.4;42.405;55.0;0;;
4;Kia;Soul 4U;2010;48;500;1;638;4;2013-03-22 00:00:00;440.2;34.695;45.0;0;;
4;Kia;Soul 4U;2010;48;500;1;639;4;2013-03-28 00:00:00;504.6;38.533;50.02;0;;
4;Kia;Soul 4U;2010;48;500;1;640;4;2013-04-05 00:00:00;454.0;40.069;50.01;0;;
4;Kia;Soul 4U;2010;48;500;1;641;4;2013-04-11 00:00:00;483.9;37.286;45.0;0;;
4;Kia;Soul 4U;2010;48;500;1;642;4;2013-04-16 00:00:00;425.1;36.672;45.0;0;;
4;Kia;Soul 4U;2010;48;500;1;643;4;2013-04-21 00:00:00;457.1;35.802;45.0;0;;
4;Kia;Soul 4U;2010;48;500;1;644;4;2013-04-25 00:00:00;488.2;36.797;45.0;0;;
4;Kia;Soul 4U;2010;48;500;1;645;4;2013-05-01 00:00:00;433.8;36.917;45.0;0;;
4;Kia;Soul 4U;2010;48;500;1;646;4;2013-05-08 00:00:00;474.4;37.095;45.0;0;;
4;Kia;Soul 4U;2010;48;500;1;647;4;2013-05-14 00:00:00;488.2;37.131;46.01;0;;
4;Kia;Soul 4U;2010;48;500;1;648;4;2013-05-19 00:00:00;461.1;34.646;44.66;0;;
4;Kia;Soul 4U;2010;48;500;1;649;4;2013-05-24 00:00:00;312.2;37.097;45.0;0;;
4;Kia;Soul 4U;2010;48;500;1;650;4;2013-05-31 00:00:00;433.0;37.01;45.0;0;;
4;Kia;Soul 4U;2010;48;500;1;651;4;2013-06-06 00:00:00;498.3;36.41;45.0;0;;
4;Kia;Soul 4U;2010;48;500;1;652;4;2013-06-12 00:00:00;453.9;34.725;45.0;0;;
4;Kia;Soul 4U;2010;48;500;1;653;4;2013-06-16 00:00:00;418.8;15.886;20.0;0;;
4;Kia;Soul 4U;2010;48;500;1;654;4;2013-06-18 00:00:00;243.2;22.62;30.0;0;;
4;Kia;Soul 4U;2010;48;500;1;655;4;2013-06-21 00:00:00;253.9;32.37;40.01;0;;
4;Kia;Soul 4U;2010;48;500;1;656;4;2013-06-26 00:00:00;474.8;23.14;30.0;0;;
4;Kia;Soul 4U;2010;48;500;1;657;4;2013-06-28 00:00:00;338.1;36.107;45.03;0;;
4;Kia;Soul 4U;2010;48;500;1;658;4;2013-07-05 00:00:00;431.9;39.707;49.51;0;;
4;Kia;Soul 4U;2010;48;500;1;659;4;2013-07-12 00:00:00;524.7;39.187;51.22;0;;
4;Kia;Soul 4U;2010;48;500;1;660;4;2013-07-18 00:00:00;552.7;41.147;53.78;0;;
4;Kia;Soul 4U;2010;48;500;1;661;4;2013-07-24 00:00:00;439.5;33.234;43.4;0;;
4;Kia;Soul 4U;2010;48;500;1;662;4;2013-07-31 00:00:00;525.0;40.442;52.82;0;;
4;Kia;Soul 4U;2010;48;500;1;663;4;2013-08-08 00:00:00;487.7;37.05;48.05;0;;
4;Kia;Soul 4U;2010;48;500;1;664;4;2013-08-15 00:00:00;540.1;40.275;52.24;0;;
4;Kia;Soul 4U;2010;48;500;1;665;4;2013-08-20 00:00:00;511.3;39.4;50.67;0;;
4;Kia;Soul 4U;2010;48;500;1;666;4;2013-08-27 00:00:00;542.3;41.517;53.39;0;;
4;Kia;Soul 4U;2010;48;500;1;667;4;2013-09-04 00:00:00;452.8;29.66;40.01;0;;
4;Kia;Soul 4U;2010;48;500;1;668;4;2013-09-08 00:00:00;442.7;38.952;52.43;0;;
4;Kia;Soul 4U;2010;48;500;1;669;4;2013-09-15 00:00:00;536.2;40.417;54.0;0;;
4;Kia;Soul 4U;2010;48;500;1;670;4;2013-09-21 00:00:00;526.8;40.42;52.42;0;;
4;Kia;Soul 4U;2010;48;500;1;671;4;2013-09-27 00:00:00;452.9;37.85;47.2;0;;
4;Kia;Soul 4U;2010;48;500;1;672;4;2013-09-28 00:00:00;264.3;20.049;25.0;0;;
4;Kia;Soul 4U;2010;48;500;1;673;4;2013-10-01 00:00:00;330.6;31.924;40.0;0;;
4;Kia;Soul 4U;2010;48;500;1;674;4;2013-10-04 00:00:00;427.7;38.85;47.24;0;;
4;Kia;Soul 4U;2010;48;500;1;675;4;2013-10-10 00:00:00;490.0;16.18;20.0;0;;
4;Kia;Soul 4U;2010;48;500;1;676;4;2013-10-15 00:00:00;198.8;38.407;46.7;0;;
4;Kia;Soul 4U;2010;48;500;1;677;4;2013-10-20 00:00:00;529.8;15.845;20.0;0;;
4;Kia;Soul 4U;2010;48;500;1;678;4;2013-10-22 00:00:00;191.8;43.06;52.23;0;;
4;Kia;Soul 4U;2010;48;500;1;679;4;2013-10-28 00:00:00;452.0;36.77;44.38;0;;
4;Kia;Soul 4U;2010;48;500;1;680;4;2013-11-02 00:00:00;512.3;43.087;52.01;0;;
4;Kia;Soul 4U;2010;48;500;1;681;4;2013-11-08 00:00:00;452.2;34.252;41.07;0;;
4;Kia;Soul 4U;2010;48;500;1;682;4;2013-11-14 00:00:00;453.7;37.0;44.36;0;;
4;Kia;Soul 4U;2010;48;500;1;683;4;2013-11-21 00:00:00;487.1;36.21;45.01;0;;
4;Kia;Soul 4U;2010;48;500;1;684;4;2013-11-27 00:00:00;454.6;40.19;49.96;0;;
4;Kia;Soul 4U;2010;48;500;1;685;4;2013-12-02 00:00:00;504.3;43.36;53.9;0;;
4;Kia;Soul 4U;2010;48;500;1;686;4;2013-12-05 00:00:00;426.0;35.765;47.07;0;;
4;Kia;Soul 4U;2010;48;500;1;687;4;2013-12-09 00:00:00;466.1;38.287;50.39;0;;
4;Kia;Soul 4U;2010;48;500;1;688;4;2013-12-12 00:00:00;426.0;37.265;47.55;0;;
4;Kia;Soul 4U;2010;48;500;1;689;4;2013-12-18 00:00:00;451.5;38.57;48.83;0;;
4;Kia;Soul 4U;2010;48;500;1;690;4;2013-12-23 00:00:00;336.1;29.645;37.83;0;;
4;Kia;Soul 4U;2010;48;500;1;691;4;2013-12-30 00:00:00;454.4;41.405;52.83;0;;
4;Kia;Soul 4U;2010;48;500;1;692;4;2014-01-11 00:00:00;415.7;36.885;47.07;0;;
4;Kia;Soul 4U;2010;48;500;1;693;4;2014-01-19 00:00:00;464.6;37.9;47.98;0;;
4;Kia;Soul 4U;2010;48;500;1;694;4;2014-01-23 00:00:00;443.2;42.02;53.2;0;;
4;Kia;Soul 4U;2010;48;500;1;695;4;2014-01-29 00:00:00;438.9;37.537;47.52;0;;
4;Kia;Soul 4U;2010;48;500;1;696;4;2014-02-04 00:00:00;453.0;37.465;47.43;0;;
4;Kia;Soul 4U;2010;48;500;1;697;4;2014-02-10 00:00:00;453.0;38.455;48.68;0;;
4;Kia;Soul 4U;2010;48;500;1;698;4;2014-02-14 00:00:00;436.8;37.3;47.11;0;;
4;Kia;Soul 4U;2010;48;500;1;699;4;2014-02-18 00:00:00;371.2;31.9;40.29;0;;
4;Kia;Soul 4U;2010;48;500;1;700;4;2014-02-22 00:00:00;438.7;36.162;46.5;0;;
4;Kia;Soul 4U;2010;48;500;1;701;4;2014-02-28 00:00:00;436.9;36.592;48.16;0;;
4;Kia;Soul 4U;2010;48;500;1;702;4;2014-03-02 00:00:00;289.7;26.752;34.16;0;;
4;Kia;Soul 4U;2010;48;500;1;703;4;2014-03-05 00:00:00;459.2;38.336;48.96;0;;
4;Kia;Soul 4U;2010;48;500;1;704;4;2014-03-10 00:00:00;413.2;37.545;49.41;0;;
4;Kia;Soul 4U;2010;48;500;1;705;4;2014-03-14 00:00:00;432.2;36.347;48.31;0;;
4;Kia;Soul 4U;2010;48;500;1;706;4;2014-03-18 00:00:00;409.1;34.612;45.55;0;;
4;Kia;Soul 4U;2010;48;500;1;707;4;2014-03-24 00:00:00;447.1;37.477;48.57;0;;
4;Kia;Soul 4U;2010;48;500;1;708;4;2014-03-27 00:00:00;453.5;39.205;50.81;0;;
4;Kia;Soul 4U;2010;48;500;1;709;4;2014-04-03 00:00:00;465.8;37.487;48.58;0;;
4;Kia;Soul 4U;2010;48;500;1;710;4;2014-04-10 00:00:00;556.0;40.029;53.48;0;;
4;Kia;Soul 4U;2010;48;500;1;711;4;2014-04-15 00:00:00;370.4;35.047;45.07;0;;
4;Kia;Soul 4U;2010;48;500;1;712;4;2014-04-23 00:00:00;439.6;37.585;50.21;0;;
4;Kia;Soul 4U;2010;48;500;1;713;4;2014-04-29 00:00:00;446.0;35.485;47.3;0;;
4;Kia;Soul 4U;2010;48;500;1;714;4;2014-05-03 00:00:00;479.2;39.47;56.01;0;;
4;Kia;Soul 4U;2010;48;500;1;715;4;2014-05-08 00:00:00;516.2;40.437;57.26;0;;
4;Kia;Soul 4U;2010;48;500;1;716;4;2014-05-23 00:00:00;523.5;41.165;55.0;0;;
4;Kia;Soul 4U;2010;48;500;1;717;4;2014-05-29 00:00:00;550.2;42.32;56.54;0;;
4;Kia;Soul 4U;2010;48;500;1;718;4;2014-06-04 00:00:00;525.5;40.825;54.54;0;;
4;Kia;Soul 4U;2010;48;500;1;719;4;2014-06-11 00:00:00;539.4;42.637;56.96;0;;
4;Kia;Soul 4U;2010;48;500;1;720;4;2014-06-14 00:00:00;525.5;40.825;54.54;0;;
4;Kia;Soul 4U;2010;48;500;1;721;4;2014-07-10 00:00:00;528.8;42.82;59.78;0;;
4;Kia;Soul 4U;2010;48;500;1;722;4;2014-07-16 00:00:00;518.4;38.91;54.32;0;;
4;Kia;Soul 4U;2010;48;500;1;723;4;2014-07-22 00:00:00;500.5;38.322;53.5;0;;
4;Kia;Soul 4U;2010;48;500;1;724;4;2014-07-26 00:00:00;407.1;27.815;38.0;0;;
4;Kia;Soul 4U;2010;48;500;1;725;4;2014-07-30 00:00:00;457.5;40.052;53.91;0;;
4;Kia;Soul 4U;2010;48;500;1;726;4;2014-08-07 00:00:00;500.6;39.15;52.7;0;;
4;Kia;Soul 4U;2010;48;500;1;727;4;2014-08-13 00:00:00;500.0;41.076;53.69;0;;
4;Kia;Soul 4U;2010;48;500;1;728;4;2014-08-22 00:00:00;449.3;35.05;46.23;0;;
4;Kia;Soul 4U;2010;48;500;1;729;4;2014-08-29 00:00:00;509.0;39.185;50.78;0;;
4;Kia;Soul 4U;2010;48;500;1;730;4;2014-09-04 00:00:00;430.5;33.745;43.09;0;;
4;Kia;Soul 4U;2010;48;500;1;731;4;2014-09-09 00:00:00;441.8;33.927;43.32;0;;
4;Kia;Soul 4U;2010;48;500;1;732;4;2014-09-12 00:00:00;305.4;23.73;30.3;0;;
4;Kia;Soul 4U;2010;48;500;1;733;4;2014-09-15 00:00:00;443.8;35.907;45.85;0;;
4;Kia;Soul 4U;2010;48;500;1;734;4;2014-10-01 00:00:00;422.5;34.273;43.42;0;;
4;Kia;Soul 4U;2010;48;500;1;735;4;2014-10-07 00:00:00;472.0;38.072;45.57;0;;
4;Kia;Soul 4U;2010;48;500;1;736;4;2014-10-14 00:00:00;452.9;36.797;44.78;0;;
4;Kia;Soul 4U;2010;48;500;1;737;4;2014-10-20 00:00:00;453.9;35.967;43.77;0;;
4;Kia;Soul 4U;2010;48;500;1;738;4;2014-10-27 00:00:00;466.8;37.572;45.73;0;;
4;Kia;Soul 4U;2010;48;500;1;739;4;2014-10-31 00:00:00;439.3;35.137;42.06;0;;
4;Kia;Soul 4U;2010;48;500;1;740;4;2014-11-05 00:00:00;425.3;33.405;39.32;0;;
4;Kia;Soul 4U;2010;48;500;1;741;4;2014-11-12 00:00:00;437.3;34.745;40.89;0;;
4;Kia;Soul 4U;2010;48;500;1;747;4;2014-11-18 00:00:00;456.0;38.339;45.13;0;;
4;Kia;Soul 4U;2010;48;500;1;746;4;2014-11-24 00:00:00;454.6;39.31;45.09;0;;
4;Kia;Soul 4U;2010;48;500;1;748;4;2014-11-30 00:00:00;456.1;39.305;45.08;0;;
4;Kia;Soul 4U;2010;48;500;1;745;4;2014-12-06 00:00:00;440.3;37.188;42.28;0;;
4;Kia;Soul 4U;2010;48;500;1;749;4;2014-12-09 00:00:00;422.6;35.336;35.23;0;;
4;Kia;Soul 4U;2010;48;500;1;744;4;2014-12-11 00:00:00;384.8;32.289;34.84;0;;
4;Kia;Soul 4U;2010;48;500;1;743;4;2014-12-14 00:00:00;388.1;17.26;20.0;0;;
4;Kia;Soul 4U;2010;48;500;1;742;4;2014-12-15 00:00:00;202.2;28.21;29.73;0;;
4;Kia;Soul 4U;2010;48;500;1;750;4;2015-01-05 00:00:00;392.2;37.451;31.42;0;;
4;Kia;Soul 4U;2010;48;500;1;751;4;2015-01-06 00:00:00;454.7;19.079;20.01;0;;
4;Kia;Soul 4U;2010;48;500;1;752;4;2015-01-08 00:00:00;220.3;37.477;33.62;0;last fillup before the car died on 2015-01-14;
